recorded_at,experiment_id,prereg_commit,variant,verdict,metrics_json,note
2026-10-04T17:48:43.974599+00:00,D001_momentum_lowvol,1b9bc4d8d26a36bee3c873b63f72467f117eefcc,combined,fail,"{""net"": -0.0017622939246702313, ""net_at_cost_1_5"": -0.004232187622008415, ""observations"": 113, ""random_control_share"": 0.0, ""t_stat"": 7.170312500784212, ""top_net_excess"": -0.005339213755449084, ""top_net_excess_at_cost_1_5"": -0.007809107452787269, ""trial_count_after_run"": 4, ""validation_year_same_sign"": true}",unselected diagnostic; design-only selection
2026-10-04T17:48:46.032593+00:00,D001_momentum_lowvol,1b9bc4d8d26a36bee3c873b63f72467f117eefcc,momentum,fail,"{""net"": -0.005741339798038084, ""net_at_cost_1_5"": -0.007809237839977938, ""observations"": 115, ""random_control_share"": 1.0, ""t_stat"": -1.3595472675610816, ""top_net_excess"": -0.009178387358450918, ""top_net_excess_at_cost_1_5"": -0.011246285400390774, ""trial_count_after_run"": 4, ""validation_year_same_sign"": true}",unselected diagnostic; design-only selection
2026-10-04T17:48:48.033741+00:00,D001_momentum_lowvol,1b9bc4d8d26a36bee3c873b63f72467f117eefcc,lowvol,fail,"{""net"": -0.002676450607268632, ""net_at_cost_1_5"": -0.005313047213142196, ""observations"": 113, ""random_control_share"": 0.0, ""t_stat"": 10.039303946276505, ""top_net_excess"": -0.006253370438047487, ""top_net_excess_at_cost_1_5"": -0.00888996704392105, ""trial_count_after_run"": 4, ""validation_year_same_sign"": true}",selected variant
2026-10-04T17:48:48.080238+00:00,D001_momentum_lowvol,1b9bc4d8d26a36bee3c873b63f72467f117eefcc,final,fail,"{""net"": -0.002676450607268632, ""net_at_cost_1_5"": -0.005313047213142196, ""observations"": 113, ""random_control_share"": 0.0, ""selected_variant"": ""lowvol"", ""t_stat"": 10.039303946276505, ""top_net_excess"": -0.006253370438047487, ""top_net_excess_at_cost_1_5"": -0.00888996704392105, ""trial_count_after_run"": 4, ""validation_year_same_sign"": true}",D001 final verdict
2026-10-05T00:02:03.050764+00:00,B001_disclosure_category,3c26ce3e98a489f25f67a097cdc7ca21e7ab566d,contract,fail,"{""abs_t_stat"": 3.6702137663164516, ""design_events"": 2405, ""design_mean"": -0.014346264327485805, ""direction"": ""negative"", ""gross_t_stat"": -3.6702137663164516, ""mean_abnormal"": -0.007233173929740949, ""mean_net"": -0.013307016397876776, ""mean_net_at_cost_1_5"": -0.015470645461687202, ""net_t_stat"": -7.202162275845855, ""random_control_share"": 0.995, ""required_t_stat"": 2.0, ""t_stat"": -7.202162275845855, ""trial_count_after_run"": 8, ""validation_mean"": -0.0115230112082196, ""validation_year_same_sign"": true}",5-session category trial; mean_net must exceed 0; net t_stat must exceed 2; random_control_share must be <= 0.05; mean_net_at_cost_1_5 at cost x1.5 must exceed 0
2026-10-05T00:02:03.094716+00:00,B001_disclosure_category,3c26ce3e98a489f25f67a097cdc7ca21e7ab566d,buyback,fail,"{""abs_t_stat"": 1.2011452881939089, ""design_events"": 2590, ""design_mean"": -0.001918916710544482, ""direction"": null, ""gross_t_stat"": 1.2011452881939089, ""mean_abnormal"": 0.0005338671396423681, ""mean_net"": -0.00570009685363891, ""mean_net_at_cost_1_5"": -0.007952223693848494, ""net_t_stat"": -2.888471881531435, ""random_control_share"": 0.0, ""required_t_stat"": 2.0, ""t_stat"": -2.888471881531435, ""trial_count_after_run"": 8, ""validation_mean"": -0.011377347039502429, ""validation_year_same_sign"": true}",5-session category trial; mean_net must exceed 0; net t_stat must exceed 2; mean_net_at_cost_1_5 at cost x1.5 must exceed 0
2026-10-05T00:02:03.135855+00:00,B001_disclosure_category,3c26ce3e98a489f25f67a097cdc7ca21e7ab566d,dividend,fail,"{""abs_t_stat"": 1.335393008069064, ""design_events"": 3035, ""design_mean"": -0.012200708362766446, ""direction"": null, ""gross_t_stat"": -1.335393008069064, ""mean_abnormal"": -0.0040371948261785535, ""mean_net"": -0.010497777865282136, ""mean_net_at_cost_1_5"": -0.01285398904656754, ""net_t_stat"": -5.117388744735323, ""random_control_share"": 0.34, ""required_t_stat"": 2.0, ""t_stat"": -5.117388744735323, ""trial_count_after_run"": 8, ""validation_mean"": -0.007448577829963616, ""validation_year_same_sign"": true}",5-session category trial; mean_net must exceed 0; net t_stat must exceed 2; random_control_share must be <= 0.05; mean_net_at_cost_1_5 at cost x1.5 must exceed 0
2026-10-05T00:02:03.178576+00:00,B001_disclosure_category,3c26ce3e98a489f25f67a097cdc7ca21e7ab566d,earnings,direction_only,"{""abs_t_stat"": 2.564378863174354, ""design_events"": 6476, ""design_mean"": -0.00865473353728933, ""direction"": ""negative"", ""gross_t_stat"": -2.564378863174354, ""mean_abnormal"": -0.007496046571202329, ""mean_net"": -0.01367930579073459, ""mean_net_at_cost_1_5"": -0.01589079806581099, ""net_t_stat"": -5.82867301465798, ""random_control_share"": 1.0, ""required_t_stat"": 2.0, ""t_stat"": -2.564378863174354, ""trial_count_after_run"": 8, ""validation_mean"": -0.005258820336145853, ""validation_year_same_sign"": true}","5-session category trial; undecided category; record supported direction only, never adopt a signal"
2026-10-05T00:02:03.219396+00:00,B001_disclosure_category,3c26ce3e98a489f25f67a097cdc7ca21e7ab566d,capital_raise,pass,"{""abs_t_stat"": 3.022034578191997, ""design_events"": 1576, ""design_mean"": -0.007506601488553155, ""direction"": ""negative"", ""gross_t_stat"": -3.022034578191997, ""mean_abnormal"": -0.006937714883405776, ""mean_net"": -0.013096934767384787, ""mean_net_at_cost_1_5"": -0.01530230167344373, ""net_t_stat"": -5.224259204465371, ""random_control_share"": 1.0, ""required_t_stat"": 2.0, ""t_stat"": -3.022034578191997, ""trial_count_after_run"": 8, ""validation_mean"": -0.005942636870406584, ""validation_year_same_sign"": true}",5-session category trial; all direction-specific preregistered criteria satisfied
2026-10-05T00:02:03.260725+00:00,B001_disclosure_category,3c26ce3e98a489f25f67a097cdc7ca21e7ab566d,convertible_bond,fail,"{""abs_t_stat"": 2.135760129946828, ""design_events"": 1572, ""design_mean"": -0.004805552464995826, ""direction"": null, ""gross_t_stat"": -2.135760129946828, ""mean_abnormal"": -0.0049156984090450535, ""mean_net"": -0.011369907092537029, ""mean_net_at_cost_1_5"": -0.013728518554536185, ""net_t_stat"": -4.581797207043417, ""random_control_share"": 0.94, ""required_t_stat"": 2.0, ""t_stat"": -2.135760129946828, ""trial_count_after_run"": 8, ""validation_mean"": -0.0050968170534439914, ""validation_year_same_sign"": true}",5-session category trial; random_control_share must be >= 0.95
2026-10-05T00:02:03.302709+00:00,B001_disclosure_category,3c26ce3e98a489f25f67a097cdc7ca21e7ab566d,regulatory_risk,fail,"{""abs_t_stat"": 1.6510025777440718, ""design_events"": 791, ""design_mean"": -0.009750671236594673, ""direction"": null, ""gross_t_stat"": -1.6510025777440718, ""mean_abnormal"": -0.009537476802694669, ""mean_net"": -0.015777185235467627, ""mean_net_at_cost_1_5"": -0.018018541158338747, ""net_t_stat"": -3.2559386300104975, ""random_control_share"": 1.0, ""required_t_stat"": 2.0, ""t_stat"": -1.6510025777440718, ""trial_count_after_run"": 8, ""validation_mean"": -0.009094860537038759, ""validation_year_same_sign"": true}",5-session category trial; gross t_stat must be below -2
2026-10-05T00:02:03.345075+00:00,B001_disclosure_category,3c26ce3e98a489f25f67a097cdc7ca21e7ab566d,merger,direction_only,"{""abs_t_stat"": 2.4501493359345186, ""design_events"": 384, ""design_mean"": -0.007921200504340755, ""direction"": ""negative"", ""gross_t_stat"": -2.4501493359345186, ""mean_abnormal"": -0.008603937337155018, ""mean_net"": -0.014965109744444366, ""mean_net_at_cost_1_5"": -0.017270483000899943, ""net_t_stat"": -4.1954373566202765, ""random_control_share"": 0.995, ""required_t_stat"": 2.0, ""t_stat"": -2.4501493359345186, ""trial_count_after_run"": 8, ""validation_mean"": -0.009895419818931755, ""validation_year_same_sign"": true}","5-session category trial; undecided category; record supported direction only, never adopt a signal"
